[
    {
        "timestamp": "2025-01-13 10:00:00",
        "ip_address": "192.168.1.1",
        "action": "login_success"
    },
    {
        "timestamp": "2025-01-13 10:05:00",
        "ip_address": "192.168.1.2",
        "action": "login_failure"
    },
    {
        "timestamp": "2025-01-13 10:10:00",
        "ip_address": "192.168.1.3",
        "action": "file_download"
    },
    {
        "timestamp": "2025-01-13 10:15:00",
        "ip_address": "192.168.1.4",
        "action": "file_upload"
    }
]